[{"basename":"js","fileperms":"0777","filetype":"dir","is_readable":true,"is_writeable":true,"is_link":false,"is_dir":true,"mime":"directory","mtime":1668141006,"path":"js","url_path":"js"},{"basename":"layui","fileperms":"0777","filetype":"dir","is_readable":true,"is_writeable":true,"is_link":false,"is_dir":true,"mime":"directory","mtime":1668139318,"path":"layui","url_path":"layui"},{"basename":"css","fileperms":"0777","filetype":"dir","is_readable":true,"is_writeable":true,"is_link":false,"is_dir":true,"mime":"directory","mtime":1668139318,"path":"layui/css","url_path":"layui/css"},{"basename":"modules","fileperms":"0777","filetype":"dir","is_readable":true,"is_writeable":true,"is_link":false,"is_dir":true,"mime":"directory","mtime":1668139318,"path":"layui/css/modules","url_path":"layui/css/modules"},{"basename":"laydate","fileperms":"0777","filetype":"dir","is_readable":true,"is_writeable":true,"is_link":false,"is_dir":true,"mime":"directory","mtime":1668139318,"path":"layui/css/modules/laydate","url_path":"layui/css/modules/laydate"},{"basename":"default","fileperms":"0777","filetype":"dir","is_readable":true,"is_writeable":true,"is_link":false,"is_dir":true,"mime":"directory","mtime":1668139318,"path":"layui/css/modules/laydate/default","url_path":"layui/css/modules/laydate/default"},{"basename":"layer","fileperms":"0777","filetype":"dir","is_readable":true,"is_writeable":true,"is_link":false,"is_dir":true,"mime":"directory","mtime":1668139318,"path":"layui/css/modules/layer","url_path":"layui/css/modules/layer"},{"basename":"default","fileperms":"0777","filetype":"dir","is_readable":true,"is_writeable":true,"is_link":false,"is_dir":true,"mime":"directory","mtime":1668139318,"path":"layui/css/modules/layer/default","url_path":"layui/css/modules/layer/default"},{"basename":"font","fileperms":"0777","filetype":"dir","is_readable":true,"is_writeable":true,"is_link":false,"is_dir":true,"mime":"directory","mtime":1668139318,"path":"layui/font","url_path":"layui/font"}]