{"basename":"H5","fileperms":"0777","filetype":"dir","is_readable":true,"is_writeable":true,"is_link":false,"is_dir":true,"mime":"directory","mtime":1668697865,"path":"","url_path":".","dirsize":798058,"files_count":6,"images_count":3,"preview":"good.png","files":{"js":{"basename":"js","fileperms":"0777","filetype":"dir","filesize":false,"is_readable":true,"is_writeable":true,"is_link":false,"is_dir":true,"mtime":1668141006,"path":"js","mime":"directory","url_path":"./js"},"layui":{"basename":"layui","fileperms":"0777","filetype":"dir","filesize":false,"is_readable":true,"is_writeable":true,"is_link":false,"is_dir":true,"mtime":1668139318,"path":"layui","mime":"directory","url_path":"./layui"},"admin.html":{"basename":"admin.html","fileperms":"0666","filetype":"file","filesize":2470,"is_readable":true,"is_writeable":true,"is_link":false,"is_dir":false,"mtime":1668147683,"path":"admin.html","ext":"html","url_path":"./admin.html"},"good.png":{"basename":"good.png","fileperms":"0666","filetype":"file","filesize":123794,"is_readable":true,"is_writeable":true,"is_link":false,"is_dir":false,"mtime":1668145499,"path":"good.png","ext":"png","url_path":"./good.png","icon":"image","mime":"image/png","image":{"width":1024,"height":1024,"type":3,"bits":8,"mime":"image/png"}},"index.html":{"basename":"index.html","fileperms":"0666","filetype":"file","filesize":7181,"is_readable":true,"is_writeable":true,"is_link":false,"is_dir":false,"mtime":1668158206,"path":"index.html","ext":"html","url_path":"./index.html"},"loto.png":{"basename":"loto.png","fileperms":"0666","filetype":"file","filesize":658404,"is_readable":true,"is_writeable":true,"is_link":false,"is_dir":false,"mtime":1668144745,"path":"loto.png","ext":"png","url_path":"./loto.png","icon":"image","mime":"image/png","image":{"width":4500,"height":3500,"type":3,"bits":8,"mime":"image/png"}},"sorry.png":{"basename":"sorry.png","fileperms":"0666","filetype":"file","filesize":6107,"is_readable":true,"is_writeable":true,"is_link":false,"is_dir":false,"mtime":1668145410,"path":"sorry.png","ext":"png","url_path":"./sorry.png","icon":"image","mime":"image/png","image":{"width":120,"height":120,"type":3,"bits":8,"mime":"image/png"}},"test.php":{"basename":"test.php","fileperms":"0666","filetype":"file","filesize":102,"is_readable":true,"is_writeable":true,"is_link":false,"is_dir":false,"mtime":1668665466,"path":"test.php","ext":"php","url_path":"./test.php"}}}